Key;Item Type;Publication Year;Author;Title;Journal Name;DOI;Inclusion/Exclusion
RSDSFUDP;journalArticle;2024;"Ibrahim, E.A.; Wamalwa, M.; Odindi, J.; Tonnang, H.E.Z.";Spatio-temporal characterization of phenotypic resistance in malaria vector species;BMC Biology;10.1186/s12915-024-01915-z;QA1
2BPR5E8Q;journalArticle;2025;"Maulana, K.Y.; Na-Lampang, K.; Arjkumpa, O.; Buamithup, N.; Intawong, K.; Punyapornwithaya, V.";Geographical Distribution, Spatial Directional Trends, and Spatio-Temporal Clusters of the First Rapid and Widespread Lumpy Skin Disease Outbreaks in Thailand;Transboundary and Emerging Diseases;10.1155/tbed/4900775;QA2
QVYPQJK4;journalArticle;2025;"Afrifa-Yamoah, E.; Osei, P.M.";Bayesian spatio-temporal modeling of African CO2 emissions (1990–2020): A hierarchical approach to identify determinants, regional trends, and local dynamics;Science of the Total Environment;10.1016/j.scitotenv.2025.178894;QA7
2JBXX4GW;journalArticle;2024;"López-Lacort, M.; Corberán-Vallet, A.; Briz-Redón, Á.; Santonja Gómez, F.J.; Muñoz-Quiles, C.; Orrico-Sánchez, A.";A Bayesian spatio-temporal model for cluster detection: identifying HPV suboptimal vaccine coverage;Stochastic Environmental Research and Risk Assessment;10.1007/s00477-024-02815-y;included
FFER92FP;journalArticle;2024;"Satorra, P.; Tebé, C.";Bayesian spatio-temporal analysis of the COVID-19 pandemic in Catalonia;Scientific Reports;10.1038/s41598-024-53527-w;included
MENKUK4P;journalArticle;2024;"Mota-Bertran, A.; Coenders, G.; Plaja, P.; Saez, M.; Barceló, M.A.";Air pollution and children’s mental health in rural areas: compositional spatio-temporal model;Scientific Reports;10.1038/s41598-024-70024-2;QA6
EJ8KPS6B;journalArticle;2024;"Shi, Y.; Han, Q.; Zhang, S.; Yang, S.; Cheng, T.; Fan, W.; Zhao, G.; Han, H.; Zhang, H.";Seasonal Spatio-Temporal Model Improves Refined Stock Assessment and Management of Japanese Sardine (Sardinops melanostictus) in the Northwest Pacific Ocean;Animals;10.3390/ani14233434;QA7
7QDMQF9Z;journalArticle;2024;"Bofa, A.; Zewotir, T.";Optimizing spatio-temporal correlation structures for modeling food security in Africa: a simulation-based investigation;BMC Bioinformatics;10.1186/s12859-024-05791-w;included
XF6MSHP7;journalArticle;2025;"Siri, P.; Fedrigo, J.K.; Posse, J.P.; Benitez, V.; Hirigoyen, A.; Ingaramo, L.; González Barrios, P.";Spatio-temporal modeling of eucalyptus and pinus intercropping systems: effects of weed control and row distance;Agroforestry Systems;10.1007/s10457-025-01171-2;QA7
2SGY7NNI;journalArticle;2025;"Huang, Y.; Chen, X.; Zhu, L.";Exploring Trade-Offs/Synergies and Drivers of Ecosystem Services in the Dongting Lake Area, China;Sustainability (Switzerland);10.3390/su17041650;QA1
FZSCUYFK;journalArticle;2025;"Tang, R.; Hou, G.; Chen, Y.; Liu, X.; Chu, S.; Li, L.";Spatial and temporal characteristics and driving mechanisms of recreational ecosystem services supply-demand mismatch in rapidly urbanizing areas: Evidence from the Yangtze River Delta;Ecological Indicators;10.1016/j.ecolind.2025.113153;QA1
GUEHYJFS;journalArticle;2024;"Gaichas, S.K.; Gartland, J.; Smith, B.E.; Wood, A.D.; Ng, E.L.; Celestino, M.; Drew, K.; Tyrell, A.S.; Thorson, J.T.";Assessing small pelagic fish trends in space and time using piscivore stomach contents;Canadian Journal of Fisheries and Aquatic Sciences;10.1139/cjfas-2023-0093;QA2
6T3CPLU6;journalArticle;2025;"Liu, Y.; Kjær, L.J.; Boklund, A.E.; Clausen, P.; Nyegaard, T.; Ward, M.P.; Laffan, S.; Kirkeby, C.T.";The role of wild birds in transmitting highly pathogenic avian influenza in Denmark: An exploration using a spatiotemporal model;Ecological Modelling;10.1016/j.ecolmodel.2025.111019;included
5YVLPCCV;journalArticle;2025;"Choi, B.; Hummel, M.A.";Spatiotemporal air quality prediction using stochastic advection-diffusion model for multimodal data fusion;Environmental Research Letters;10.1088/1748-9326/ada397;included
JGCXFTBW;journalArticle;2024;"Alam, N.M.; Mitra, S.; Pandey, S.K.; Jana, C.; Ray, M.; Ghosh, S.; Paul Mazumdar, S.; Shankar, S.V.; Saha, R.; Kar, G.";Enhanced Spatio-Temporal Modeling for Rainfall Forecasting: A High-Resolution Grid Analysis;Water (Switzerland);10.3390/w16131891;QA7
2QE77Q5H;journalArticle;2024;"Yin, X.; Aiken, J.M.; Harris, R.; Bamber, J.L.";A Bayesian spatio-temporal model of COVID-19 spread in England;Scientific Reports;10.1038/s41598-024-60964-0;included
G6WA2ABF;journalArticle;2024;"Kalthoum, S.; Mzoughi, S.; Gharbi, R.; Lachtar, M.; Bel Haj Mohamed, B.; Hajlaoui, H.; Khalfaoui, W.; Dhaouadi, A.; Ben Sliman, I.; Ben Salah, C.; Kessa, H.; Benkirane, H.; Fekih, A.J.; Barrak, K.; Sayari, H.; Bahloul, C.; Porphyre, T.";Factors associated with the spatiotemporal distribution of dog rabies in Tunisia;PLoS Neglected Tropical Diseases;10.1371/journal.pntd.0012296;QA2
BBEN7YMG;journalArticle;2024;"Yu, W.; Zhuang, M.; Geng, M.; Hu, K.; Zhao, Q.; Yan, J.";Association between hydrometeorological conditions and infectious diarrhea in mainland China: a spatiotemporal modeling study;Environmental Research Letters;10.1088/1748-9326/ad44b4;QA2
AE5FF6PV;journalArticle;2024;"Deng, L.-L.; Zhao, F.; Li, Z.-W.; Zhang, W.-W.; He, G.-X.; Ren, X.";Epidemiological characteristics of tuberculosis incidence and its macro-influence factors in Chinese mainland during 2014–2021;Infectious Diseases of Poverty;10.1186/s40249-024-01203-6;QA1
KN38ETNI;journalArticle;2024;"Ragbir, P.; Kaduwela, A.; Lan, X.; Watts, A.; Kong, Z.";A Control-Theoretic Spatio-Temporal Model for Wildfire Smoke Propagation Using UAV-Based Air Pollutant Measurements;Drones;10.3390/drones8050169;QA1
KGTSYPIQ;journalArticle;2024;"Soukavong, M.; Thinkhamrop, K.; Pratumchart, K.; Soulaphy, C.; Xangsayarath, P.; Mayxay, M.; Phommachanh, S.; Kelly, M.; Wangdi, K.; Clements, A.C.A.; Suwannatrai, A.T.";Bayesian spatio-temporal analysis of dengue transmission in Lao PDR;Scientific Reports;10.1038/s41598-024-71807-3;QA2
LEBHRZPP;journalArticle;2024;"Bofa, A.; Zewotir, T.";A bayesian spatio-temporal dynamic analysis of food security in Africa;Scientific Reports;10.1038/s41598-024-65989-z;included
MN5KCPFT;journalArticle;2024;"Tam, L.T.; Thinkhamrop, K.; Suttiprapa, S.; Clements, A.C.A.; Wangdi, K.; Suwannatrai, A.T.";Bayesian spatio-temporal modelling of environmental, climatic, and socio-economic influences on malaria in Central Vietnam;Malaria Journal;10.1186/s12936-024-05074-y;included
6I6J78RV;journalArticle;2025;"Shannon, E.S.; Finley, A.O.; Domke, G.M.; May, P.B.; Andersen, H.-E.; Gaines III, G.C.; Banerjee, S.";Toward spatio-temporal models to support national-scale forest carbon monitoring and reporting;Environmental Research Letters;10.1088/1748-9326/ad9e07;QA5
JNSKFERS;journalArticle;2024;"Staeudle, T.M.; Parmentier, B.; Poos, J.J.";Accounting for spatio-temporal distribution changes in size-structured abundance estimates for a data-limited stock of Raja clavata;ICES Journal of Marine Science;10.1093/icesjms/fsae106;included
G7YNMSTD;journalArticle;2024;"Domínguez, A.; Dadvand, P.; Cirach, M.; Arévalo, G.; Barril, L.; Foraster, M.; Gascon, M.; Raimbault, B.; Galmés, T.; Goméz-Herrera, L.; Persavento, C.; Samuelsson, K.; Lao, J.; Moreno, T.; Querol, X.; Jerrett, M.; Schwartz, J.; Tonne, C.; Nieuwenhuijsen, M.J.; Sunyer, J.; Basagaña, X.; Rivas, I.";Development of land use regression, dispersion, and hybrid models for prediction of outdoor air pollution exposure in Barcelona;Science of the Total Environment;10.1016/j.scitotenv.2024.176632;QA2
2DDAHSKH;journalArticle;2024;"Bo, Y.; Lin, C.; Guo, C.; Wong, M.; Huang, B.; Lau, A.; Huang, Y.; Lao, X.Q.";Chronic exposure to ambient air pollution and the risk of non-alcoholic fatty liver disease: A cross-sectional study in Taiwan and Hong Kong;Ecotoxicology and Environmental Safety;10.1016/j.ecoenv.2024.116245;QA2
Q6FGGQQ2;journalArticle;2025;"Wang, K.; Zhang, Y.; Bai, L.; Chen, Y.; Ling, C.";Spatio-temporal modelling of extreme low birth rates in U.S. counties;BMC Public Health;10.1186/s12889-025-21686-8;included
7BF2YY7R;journalArticle;2024;"Pirani, M.; Lorenz, C.; de Azevedo, T.S.; Barbosa, G.L.; Blangiardo, M.; Chiaravalloti-Neto, F.";Effects of the El Niño-Southern Oscillation and seasonal weather conditions on Aedes aegypti infestation in the State of São Paulo (Brazil): A Bayesian spatio-temporal study;PLoS Neglected Tropical Diseases;10.1371/journal.pntd.0012397;included
7F3GVSEH;journalArticle;2024;"Braga, A.; Laurini, M.";Spatial heterogeneity in climate change effects across Brazilian biomes;Scientific Reports;10.1038/s41598-024-67244-x;QA5
LKUYTQ53;journalArticle;2024;"Petrof, O.; Neyens, T.; Vaes, B.; Janssens, A.; Faes, C.";Using a general practice research database to assess the spatio-temporal COVID-19 risk;BMC Primary Care;10.1186/s12875-024-02423-3;included
X3CTBXBU;journalArticle;2025;"Sultana, A.; Ali, A.M.; Ar Salan, S.; Kabir, M.A.; Hossain, M.M.";Modeling spatial and temporal variability in educational development index of Bangladesh using socio-economic, and demographic data, 2001–2021: A Bayesian approach;PLoS ONE;10.1371/journal.pone.0317030;QA7
TWRPUCXL;journalArticle;2024;"Zhang, S.; Amratia, P.; Symons, T.L.; Rumisha, S.F.; Kang, S.Y.; Connell, M.; Uusiku, P.; Katokele, S.; Hamunyela, J.; Ntusi, N.; Soroses, W.; Moyo, E.; Lukubwe, O.; Maponga, C.; Lucero, D.; Gething, P.W.; Cameron, E.";High-resolution spatio-temporal risk mapping for malaria in Namibia: a comprehensive analysis;Malaria Journal;10.1186/s12936-024-05103-w;included
ZHHLH789;journalArticle;2024;"Sando, K.; Wada, R.; Rohmer, J.; Jonathan, P.";Multivariate spatial and spatio-temporal models for extreme tropical cyclone seas;Ocean Engineering;10.1016/j.oceaneng.2024.118365;included
JKVDWHU4;journalArticle;2024;"Breivik, O.N.; Zimmermann, F.; Johannesen, E.; Ono, K.; Fall, J.; Howell, D.; Nielsen, A.";Incorporation of observation uncertainty in stock assessment using spatio-temporal modeling of catch-at-length and age-at-length survey data;ICES Journal of Marine Science;10.1093/icesjms/fsae079;QA7
AQCUVX9T;journalArticle;2024;Briz-Redón, Á.;A Bayesian Aoristic Logistic Regression to Model Spatio-Temporal Crime Risk Under the Presence of Interval-Censored Event Times;Journal of Quantitative Criminology;10.1007/s10940-023-09580-1;included
9VPDG4MG;journalArticle;2024;"Barceló, M.A.; Perafita, X.; Saez, M.";Spatiotemporal variability in socioeconomic inequalities in COVID-19 vaccination in Catalonia, Spain;Public Health;10.1016/j.puhe.2023.11.024;included
A4SPQTMQ;journalArticle;2024;"Ishii, K.; Ono, S.; Masago, T.; Ishizuki, M.; Mori, T.; Hanatsuka, Y.";Fine-Scaled Predictive Modeling of Road Surface Conditions and Temperature in Urban Areas;IEEE Transactions on Intelligent Transportation Systems;10.1109/TITS.2024.3433004;QA1
KF9LC696;journalArticle;2023;"Kosarevych, R.; Jonek-Kowalska, I.; Rusyn, B.; Sachenko, A.; Lutsyk, O.";Analysing Pine Disease Spread Using Random Point Process by Remote Sensing of a Forest Stand;Remote Sensing;10.3390/rs15163941;QA2
WEETS7EQ;journalArticle;2024;"Chen, B.; Chen, Z.; Liu, X.C.; Yi, Z.";Bayesian inference-based spatiotemporal modeling with interim activities for EV charging etiquette;Transportation Research Part D: Transport and Environment;10.1016/j.trd.2024.104060;included
HIJHLTV2;journalArticle;2023;"Herraiz, C.; Vicente, J.; Gortázar, C.; Acevedo, P.";Large scale spatio-temporal modelling of risk factors associated with tuberculosis exposure at the wildlife-livestock interface;Preventive Veterinary Medicine;10.1016/j.prevetmed.2023.106049;QA2
WBZPFNJR;journalArticle;2023;"Lindmark, M.; Anderson, S.C.; Gogina, M.; Casini, M.";Evaluating drivers of spatiotemporal variability in individual condition of a bottom-associated marine fish, Atlantic cod (Gadus morhua);ICES Journal of Marine Science;10.1093/icesjms/fsad084;included
MIK2ELSS;journalArticle;2024;"Foo, Y.; Flegg, J.A.";A spatio-temporal model of multi-marker antimalarial resistance;Journal of the Royal Society Interface;10.1098/rsif.2023.0570;QA6
7EMP88LY;journalArticle;2024;"Pasanen, T.-M.; Helske, J.; Högmander, H.; Ketola, T.";Spatio-temporal modeling of co-dynamics of smallpox, measles, and pertussis in pre-healthcare Finland;PeerJ;10.7717/peerj.18155;included
YAQH55KB;journalArticle;2023;"Olmos, M.; Ianelli, J.; Ciannelli, L.; Spies, I.; McGilliard, C.R.; Thorson, J.T.";Estimating climate-driven phenology shifts and survey availability using fishery-dependent data;Progress in Oceanography;10.1016/j.pocean.2023.103035;included
8L645MQB;journalArticle;2024;Barazzetti, L.;Spatio-temporal analysis of georeferenced time-series applied to structural monitoring;Journal of Civil Structural Health Monitoring;10.1007/s13349-023-00743-z;QA1
K56CSRR6;journalArticle;2023;"Gayawan, E.; Somo-Aina, O.; Kuti, O.";Analysis of the space-time trends in open defecation in Nigeria;Environmental Science and Pollution Research;10.1007/s11356-023-26161-8;QA6
YHWEESYJ;journalArticle;2023;"Modethed, W.; Singhla, T.; Boonsri, K.; Pringproa, K.; Sthitmatee, N.; Vinitchaikul, P.; Sansamur, C.; Kreausukon, K.; Punyapornwithaya, V.";Identifying the patterns and sizes of the first lumpy skin disease outbreak clusters in Northern Thailand with a high degree of dairy farm aggregation using spatio-temporal models;PLoS ONE;10.1371/journal.pone.0291692;QA2
FLFJPDJR;journalArticle;2023;"McDonald, R.R.; Keith, D.M.; Sameoto, J.A.; Mills Flemming, J.";Integrating habitat features into spatio-temporal biomass dynamics models for a better understanding of stock productivity: a case study of sea scallop in the Bay of Fundy;ICES Journal of Marine Science;10.1093/icesjms/fsad103;included
RNAT2SXX;journalArticle;2023;"Katale, R.N.; Gemechu, D.B.";Spatio-temporal analysis of malaria incidence and its risk factors in North Namibia;Malaria Journal;10.1186/s12936-023-04577-4;QA2
EGSCNH5F;journalArticle;2023;"Semakula, M.; Niragire, F.; Nsanzimana, S.; Remera, E.; Faes, C.";Spatio-temporal dynamic of the COVID-19 epidemic and the impact of imported cases in Rwanda;BMC Public Health;10.1186/s12889-023-15888-1;QA7
MPJFJE96;journalArticle;2023;"Shirzad, R.; Alesheikh, A.A.; Asgharzadeh, M.; Hoseini, B.; Lotfata, A.";Spatio-temporal modeling of human leptospirosis prevalence using the maximum entropy model;BMC Public Health;10.1186/s12889-023-17391-z;QA1
R9D4VY2W;journalArticle;2023;"García, J.A.; Acero, F.J.; Portero, J.";A Bayesian hierarchical spatio-temporal model for extreme temperatures in Extremadura (Spain) simulated by a Regional Climate Model;Climate Dynamics;10.1007/s00382-022-06638-x;included
MKR8JZGR;journalArticle;2023;"Valente, F.; Laurini, M.";A spatio-temporal analysis of fire occurrence patterns in the Brazilian Amazon;Scientific Reports;10.1038/s41598-023-39875-z;QA6
5FTKNL2V;journalArticle;2023;"Ma, S.; Yu, K.; Tang, M.-L.; Pan, J.; Härdle, W.K.; Tian, M.";A Bayesian multistage spatio-temporally dependent model for spatial clustering and variable selection;Statistics in Medicine;10.1002/sim.9889;included
S4LFWE89;journalArticle;2023;"Wang, H.; Molina, J.-M.; Dray-Spira, R.; Schmidt, A.J.; Hickson, F.; van de Vijver, D.; Jonas, K.J.";Spatio-temporal changes in pre-exposure prophylaxis uptake among MSM in mainland France between 2016 and 2021: a Bayesian small area approach with MSM population estimation;Journal of the International AIDS Society;10.1002/jia2.26089;QA2
L7JP6GUA;journalArticle;2023;Jankiewicz, M.;Regional economic growth and unemployment in the European Union – a spatio-temporal analysis at the NUTS-2 level (2013–2019);Hungarian Geographical Bulletin;10.15201/hungeobull.72.2.6;QA2
3MIPWB5W;journalArticle;2023;"Nguyen, M.H.; Nguyen, T.H.T.; Molenberghs, G.; Abrams, S.; Hens, N.; Faes, C.";The impact of national and international travel on spatio-temporal transmission of SARS-CoV-2 in Belgium in 2021;BMC Infectious Diseases;10.1186/s12879-023-08368-9;included
BX5IIIZX;journalArticle;2023;"Dabral, A.; Shankhwar, R.; Martins-Ferreira, M.A.C.; Pandey, S.; Kant, R.; Meena, R.K.; Chandra, G.; Ginwal, H.S.; Thakur, P.K.; Bhandari, M.S.; Sahu, N.; Nayak, S.";Phenotypic, Geological, and Climatic Spatio-Temporal Analyses of an Exotic Grevillea robusta in the Northwestern Himalayas;Sustainability (Switzerland);10.3390/su151612292;QA1
34QKL9AS;journalArticle;2023;"Teixeira, P.C.; Ordens, C.M.; McIntyre, N.; Pagliero, L.; Crosbie, R.";Spatio-temporal distribution of atmospheric chloride deposition over a small island;Hydrological Processes;10.1002/hyp.15052;QA2
DDZ3SJ96;journalArticle;2023;"Han, Q.; Shan, X.; Jin, X.; Gorfine, H.";Overcoming gaps in a seasonal time series of Japanese anchovy abundance to analyse interannual trends;Ecological Indicators;10.1016/j.ecolind.2023.110189;QA6
FCVQ54FD;journalArticle;2023;"Palma, M.; Maggio, S.; Cappello, C.; Congedi, A.; De Iaco, S.";Spatio-temporal modeling of groundwater quality deterioration and resource depletion;Hydrogeology Journal;10.1007/s10040-023-02692-9;QA7
RN4MBHYB;journalArticle;2023;"Grüss, A.; Charsley, A.R.; Thorson, J.T.; Anderson, O.F.; O'Driscoll, R.L.; Wood, B.; Breivik, O.N.; O'Leary, C.A.";Integrating survey and observer data improves the predictions of New Zealand spatio-temporal models;ICES Journal of Marine Science;10.1093/icesjms/fsad129;included
Z9EBWDQ5;journalArticle;2023;"Orozco-Acosta, E.; Riebler, A.; Adin, A.; Ugarte, M.D.";A scalable approach for short-term disease forecasting in high spatial resolution areal data;Biometrical Journal;10.1002/bimj.202300096;included
KSMK9EUU;journalArticle;2023;"Hosseini-Shokouh, S.-M.; Ghanei, M.; Mousavi, B.; Bagheri, H.; Bahadori, M.; Meskarpour-Amiri, M.; Mehdizadeh, P.";Social disparities and inequalities in healthcare access and expenditures among Iranians exposed to sulfur mustard: a national study using spatio-temporal analysis;BMC Health Services Research;10.1186/s12913-023-10352-7;QA2
SVS76255;journalArticle;2023;"Liu, X.; Sun, Y.; Yin, Y.; Dai, X.; Bergquist, R.; Gao, F.; Liu, R.; Liu, J.; Wang, F.; Lv, X.; Zhang, Z.";Influence of urbanization on schistosomiasis infection risk in Anhui Province based on sixteen year's longitudinal surveillance data: a spatio-temporal modelling study;Infectious Diseases of Poverty;10.1186/s40249-023-01163-3;included
3UJWSGHY;journalArticle;2023;"Espinasse, M.; Mikkelsen, E.; Sørbye, S.H.; Skern-Mauritzen, M.; Falk-Andersson, J.; Fauchald, P.";Seafood production in Northern Norway: Analyzing variation and co-development in aquaculture and coastal fisheries;Marine Policy;10.1016/j.marpol.2023.105777;QA2
E3EMHQZE;journalArticle;2023;"Fard, P.; Chung, M.K.J.; Estiri, H.; Patel, C.J.";Spatio-temporal interpolation and delineation of extreme heat events in California between 2017 and 2021;Environmental Research;10.1016/j.envres.2023.116984;QA1
JXNIMD4W;journalArticle;2023;"Vicente, G.; Goicoa, T.; Ugarte, M.D.";Multivariate Bayesian spatio-temporal P-spline models to analyze crimes against women;Biostatistics;10.1093/biostatistics/kxab042;included
XYC8RPLW;journalArticle;2023;"Zhan, Y.; Gu, H.; Li, X.";Study on association factors of intestinal infectious diseases based-Bayesian spatio-temporal model;BMC Infectious Diseases;10.1186/s12879-023-08665-3;QA6
MAVL3JMJ;journalArticle;2023;"Nguyen, V.-A.; Bartels, D.W.; Gilligan, C.A.";Modelling the spread and mitigation of an emerging vector-borne pathogen: Citrus greening in the U.S.;PLoS Computational Biology;10.1371/journal.pcbi.1010156;included
UMK8TFM9;journalArticle;2022;"Kolář, J.; Macek, M.; Tkáč, P.; Novák, D.; Abraham, V.";Long-term demographic trends and spatio-temporal distribution of past human activity in Central Europe: Comparison of archaeological and palaeoecological proxies;Quaternary Science Reviews;10.1016/j.quascirev.2022.107834;QA2
RLBL9AZW;journalArticle;2022;"Ayele, G.T.; Seka, A.M.; Taddese, H.; Jemberrie, M.A.; Ndehedehe, C.E.; Demissie, S.S.; Awange, J.L.; Jeong, J.; Hamilton, D.P.; Melesse, A.M.";Relationship of Attributes of Soil and Topography with Land Cover Change in the Rift Valley Basin of Ethiopia;Remote Sensing;10.3390/rs14143257;QA1
PYI787RU;journalArticle;2022;"Zhang, B.; Li, F.; Sang, H.; Cressie, N.";Inferring Changes in Arctic Sea Ice through a Spatio-Temporal Logistic Autoregression Fitted to Remote-Sensing Data;Remote Sensing;10.3390/rs14235995;included
78NYQPQN;journalArticle;2023;"Adams, J.; Khan, N.; Morris, A.; Elhabian, S.";Learning spatiotemporal statistical shape models for non-linear dynamic anatomies;Frontiers in Bioengineering and Biotechnology;10.3389/fbioe.2023.1086234;included
KSWVZYV2;journalArticle;2022;"Briz-Redón, Á.; Serrano-Aroca, Á.";On the association between COVID-19 vaccination levels and incidence and lethality rates at a regional scale in Spain;Stochastic Environmental Research and Risk Assessment;10.1007/s00477-021-02166-y;included
LTVILYCD;journalArticle;2023;"Armando, C.J.; Rocklöv, J.; Sidat, M.; Tozan, Y.; Mavume, A.F.; Bunker, A.; Sewes, M.O.";Climate variability, socio-economic conditions and vulnerability to malaria infections in Mozambique 2016–2018: a spatial temporal analysis;Frontiers in Public Health;10.3389/fpubh.2023.1162535;QA6
SVHZ3GD7;journalArticle;2022;"Suzuki, K.K.; Kuwano, Y.; Kanamori, Y.; Kawauchi, Y.; Uchimura, Y.; Yasuda, M.; Kondoh, H.; Oka, T.";A 25-Year Study of the Population Dynamics of a Harvested Population of Sika Deer on Kyushu Island, Japan;Forests;10.3390/f13050760;QA6
ULJZ2SLG;journalArticle;2023;"Li, G.; Denise, H.; Diggle, P.; Grimsley, J.; Holmes, C.; James, D.; Jersakova, R.; Mole, C.; Nicholson, G.; Smith, C.R.; Richardson, S.; Rowe, W.; Rowlingson, B.; Torabi, F.; Wade, M.J.; Blangiardo, M.";A spatio-temporal framework for modelling wastewater concentration during the COVID-19 pandemic;Environment International;10.1016/j.envint.2023.107765;included
N99WQEDZ;journalArticle;2022;"Di Biagio, K.; Baldini, M.; Dolcini, J.; Serafini, P.; Sarti, D.; Dorillo, I.; Ranzi, A.; Settimo, G.; Bartolacci, S.; Simeoni, T.V.; Prospero, E.";Atmospheric particulate matter effects on SARS-CoV-2 infection and spreading dynamics: A spatio-temporal point process model;Environmental Research;10.1016/j.envres.2022.113617;QA6
ZKKRJNHU;journalArticle;2022;"Ibeji, J.U.; Mwambi, H.; Iddrisu, A.-K.";Bayesian spatio-temporal modelling and mapping of malaria and anaemia among children between 0 and 59 months in Nigeria;Malaria Journal;10.1186/s12936-022-04319-y;included
FFUZ7YJN;journalArticle;2023;"Leandro, A.D.S.; Ayala, M.J.C.; Lopes, R.D.; Martins, C.A.; Maciel-de-Freitas, R.; Villela, D.A.M.";Entomo-Virological Aedes aegypti Surveillance Applied for Prediction of Dengue Transmission: A Spatio-Temporal Modeling Study;Pathogens;10.3390/pathogens12010004;QA6
EK6I5B2Z;journalArticle;2022;"Barak-Ventura, R.; Marín, M.R.; Porfiri, M.";A spatiotemporal model of firearm ownership in the United States;Patterns;10.1016/j.patter.2022.100546;QA5
AXE6KCXL;journalArticle;2023;"Li, H.; Liang, D.; Zhou, Y.; Shi, Y.; Feng, D.; Shi, S.";Spatiotemporal charging demand models for electric vehicles considering user strategies;Frontiers in Energy Research;10.3389/fenrg.2022.1013154;QA1
7YS3WCPH;journalArticle;2022;"Celani, A.; Giudici, P.";Endemic–epidemic models to understand COVID-19 spatio-temporal evolution;Spatial Statistics;10.1016/j.spasta.2021.100528;QA7
ZJMXV9WL;journalArticle;2022;"Santos-Fernandez, E.; Ver Hoef, J.M.; Peterson, E.E.; McGree, J.; Isaak, D.J.; Mengersen, K.";Bayesian spatio-temporal models for stream networks;Computational Statistics and Data Analysis;10.1016/j.csda.2022.107446;QA4
R69UEH35;journalArticle;2023;"Amaral, A.V.R.; González, J.A.; Moraga, P.";Spatio-temporal modeling of infectious diseases by integrating compartment and point process models;Stochastic Environmental Research and Risk Assessment;10.1007/s00477-022-02354-4;included
ABRSXFCN;journalArticle;2022;"Fairbanks, E.L.; Baylis, M.; Daly, J.M.; Tildesley, M.J.";Inference for a spatio-temporal model with partial spatial data: African horse sickness virus in Morocco;Epidemics;10.1016/j.epidem.2022.100566;QA6
DT9KR9EB;journalArticle;2022;"Saez, M.; Barceló, M.A.";Spatial prediction of air pollution levels using a hierarchical Bayesian spatiotemporal model in Catalonia, Spain;Environmental Modelling and Software;10.1016/j.envsoft.2022.105369;included
G2CIKV3A;journalArticle;2023;"Jeong, J.; Kim, M.; Choi, J.";Investigating the spatio-temporal variation of hepatitis A in Korea using a Bayesian model;Frontiers in Public Health;10.3389/fpubh.2022.1085077;included
QI3G8RWD;journalArticle;2022;"Campbell, L.P.; Guralnick, R.P.; Giordano, B.V.; Sallam, M.F.; Bauer, A.M.; Tavares, Y.; Allen, J.M.; Efstathion, C.; Bartlett, S.; Wishard, R.; Xue, R.-D.; Allen, B.; Tressler, M.; Qualls, W.; Burkett-Cadena, N.D.";Spatiotemporal Modeling of Zoonotic Arbovirus Transmission in Northeastern Florida Using Sentinel Chicken Surveillance and Earth Observation Data;Remote Sensing;10.3390/rs14143388;QA2
MXWQ5MXC;journalArticle;2022;"Omori, K.L.; Thorson, J.T.";Identifying species complexes based on spatial and temporal clustering from joint dynamic species distribution models;ICES Journal of Marine Science;10.1093/icesjms/fsac015;QA2
V4EQG6J3;journalArticle;2022;"Punyapornwithaya, V.; Seesupa, S.; Phuykhamsingha, S.; Arjkumpa, O.; Sansamur, C.; Jarassaeng, C.";Spatio-temporal patterns of lumpy skin disease outbreaks in dairy farms in northeastern Thailand;Frontiers in Veterinary Science;10.3389/fvets.2022.957306;QA2
G3D5YL8N;journalArticle;2022;"Jana, S.; Fu, S.H.; Gelband, H.; Brown, P.; Jha, P.";Spatio-temporal modelling of malaria mortality in India from 2004 to 2013 from the Million Death Study;Malaria Journal;10.1186/s12936-022-04112-x;QA6
N8FKFC3H;journalArticle;2021;"Holcomb, K.M.; Reiner, R.C.; Barker, C.M.";Spatio-temporal impacts of aerial adulticide applications on populations of West Nile virus vector mosquitoes;Parasites and Vectors;10.1186/s13071-021-04616-6;QA2
5QTJYIWG;journalArticle;2022;"Briz-Redón, Á.; Iftimi, A.; Correcher, J.F.; De Andrés, J.; Lozano, M.; Romero-García, C.";A comparison of multiple neighborhood matrix specifications for spatio-temporal model fitting: a case study on COVID-19 data;Stochastic Environmental Research and Risk Assessment;10.1007/s00477-021-02077-y;included
JNMX3SQB;journalArticle;2021;"Freitas, L.P.; Schmidt, A.M.; Cossich, W.; Cruz, O.G.; Carvalho, M.S.";Spatio-temporal modelling of the first chikungunya epidemic in an intra-urban setting: The role of socioeconomic status, environment and temperature;PLoS Neglected Tropical Diseases;10.1371/journal.pntd.0009537;included
CRCVSA5J;journalArticle;2021;"Naik, R.; Sharma, L.";Spatio-temporal modelling for the evaluation of an altered Indian saline Ramsar site and its drivers for ecosystem management and restoration;PLoS ONE;10.1371/journal.pone.0248543;QA1
X5YBFA9S;journalArticle;2021;"Choi, B.; Bergés, M.; Bou-Zeid, E.; Pozzi, M.";Short-term probabilistic forecasting of meso-scale near-surface urban temperature fields;Environmental Modelling and Software;10.1016/j.envsoft.2021.105189;included
ECNRITU3;journalArticle;2021;"Saavedra, P.; Santana, A.; Bello, L.; Pacheco, J.-M.; Sanjuán, E.";A Bayesian spatio-temporal analysis of mortality rates in Spain: application to the COVID-19 2020 outbreak;Population Health Metrics;10.1186/s12963-021-00259-y;QA7
RXQREPEP;journalArticle;2022;"Neupane, N.; Peruzzi, M.; Arab, A.; Mayor, S.J.; Withey, J.C.; Ries, L.; Finley, A.O.";A novel model to accurately predict continental-scale timing of forest green-up;International Journal of Applied Earth Observation and Geoinformation;10.1016/j.jag.2022.102747;included
L5VVFZXN;journalArticle;2021;Jankiewicz, M.;The convergence of energy use from renewable sources in the european countries: Spatio-temporal approach;Energies;10.3390/en14248378;QA7
DY7D8YSH;journalArticle;2021;"Unosson, M.; Brancaccio, M.; Hastings, M.; Johansen, A.M.; Finkenstädt, B.";A spatio-temporal model to reveal oscillator phenotypes in molecular clocks: Parameter estimation elucidates circadian gene transcription dynamics in single-cells;PLoS Computational Biology;10.1371/journal.pcbi.1009698;QA1
SE5X3H6E;journalArticle;2021;"Beloconi, A.; Probst-Hensch, N.M.; Vounatsou, P.";Spatio-temporal modelling of changes in air pollution exposure associated to the COVID-19 lockdown measures across Europe;Science of the Total Environment;10.1016/j.scitotenv.2021.147607;included
9YB3XQRW;journalArticle;2021;"Liu, B.; Zhu, L.; Zou, J.; Chen, H.-S.; Miller, K.D.; Jemal, A.; Siegel, R.L.; Feuer, E.J.";Updated methodology for projecting U.S.- And state-level cancer counts for the current calendar year: Part i: Spatio-temporal modeling for cancer incidence;Cancer Epidemiology Biomarkers and Prevention;10.1158/1055-9965.EPI-20-1727;included
QCAWSWHJ;journalArticle;2021;"Tang, S.; Shi, L.; Chen, W.; Zhao, P.; Zheng, H.; Yang, B.; Wang, C.; Ling, L.";Spatiotemporal distribution and sociodemographic and socioeconomic factors associated with primary and secondary syphilis in guangdong, china, 2005–2017;PLoS Neglected Tropical Diseases;10.1371/journal.pntd.0009621;QA2
4MNL5LMF;journalArticle;2021;"Kong, L.; Hu, Y.; Wang, Q.; Chen, X.; Yao, T.; Wang, Y.; Jin, H.; Fan, L.; Du, W.";Could COVID-19 pandemic be stopped with joint efforts of travel restrictions and public health countermeasures? A modelling study;BMJ Open;10.1136/bmjopen-2020-046157;QA1
F5C468UN;journalArticle;2021;"Valente, F.; Laurini, M.";Pre-harvest sugarcane burning: A statistical analysis of the environmental impacts of a regulatory change in the energy sector;Cleaner Engineering and Technology;10.1016/j.clet.2021.100255;included
XP5ZJAF3;journalArticle;2021;"Carroll, R.; Prentice, C.R.";Community vulnerability and mobility: What matters most in spatio-temporal modeling of the COVID-19 pandemic?;Social Science and Medicine;10.1016/j.socscimed.2021.114395;included
N4LDYFGL;journalArticle;2022;"Deslatte, A.; Szmigiel-Rawska, K.; Tavares, A.F.; Ślawska, J.; Karsznia, I.; Łukomska, J.";Land use institutions and social-ecological systems: A spatial analysis of local landscape changes in Poland;Land Use Policy;10.1016/j.landusepol.2021.105937;QA1
VPEIA42S;journalArticle;2022;"Gaeta, A.; Leone, G.; Di Bucchianico, A.D.M.; Cusano, M.; Gaddi, R.; Pelliccioni, A.; Reatini, M.A.; Bernardino, A.D.; Cattani, G.";Spatio-temporal modeling of small-scale ultrafine particle variability using generalized additive models;Sustainability (Switzerland);10.3390/su14010313;QA7
6NF9V673;journalArticle;2021;Briz-Redón, Á.;The impact of modelling choices on modelling outcomes: a spatio-temporal study of the association between COVID-19 spread and environmental conditions in Catalonia (Spain);Stochastic Environmental Research and Risk Assessment;10.1007/s00477-020-01965-z;included
RR74JEW9;journalArticle;2021;"Lome-Hurtado, A.; Li, G.; Touza-Montero, J.; White, P.C.L.";Patterns of low birth weight in greater Mexico City: A Bayesian spatio-temporal analysis;Applied Geography;10.1016/j.apgeog.2021.102521;included
479SP8Y8;journalArticle;2021;"Roy, S.; Biswas, P.; Ghosh, P.";Quantifying Mobility and Mixing Propensity in the Spatiotemporal Context of a Pandemic Spread;IEEE Transactions on Emerging Topics in Computational Intelligence;10.1109/TETCI.2021.3059007;QA1
GEYN5DNY;journalArticle;2022;"Bai, Y.; Safikhani, A.; Michailidis, G.";Hybrid Modeling of Regional COVID-19 Transmission Dynamics in the U.S.;IEEE Journal on Selected Topics in Signal Processing;10.1109/JSTSP.2022.3140703;QA7
3L23GY95;journalArticle;2022;"Tan, S.; Wang, Y.; Yuan, Q.; Zheng, L.; Li, T.; Shen, H.; Zhang, L.";Reconstructing global PM2.5monitoring dataset from OpenAQ using a two-step spatio-temporal model based on SES-IDW and LSTM;Environmental Research Letters;10.1088/1748-9326/ac52c9;QA1
97A68BJE;journalArticle;2022;"Iddrisu, A.-K.; A Amikiya, E.; Kwame Bukari, F.";Spatio-temporal characteristics of Tuberculosis in Ghana;F1000Research;10.12688/f1000research.109053.2;included
85HFEPMM;journalArticle;2022;"Tian, S.; Renzullo, L.J.; Lerat, J.; Pipunic, R.C.";Spatio-Temporal Model Variance-Covariance Approach to Assimilating Streamflow Observations Into a Distributed Landscape Water Balance Model;Water Resources Research;10.1029/2021WR031649;QA1
BYYDD4HL;journalArticle;2021;"Danwang, C.; Khalil, É.; Achu, D.; Ateba, M.; Abomabo, M.; Souopgui, J.; De Keukeleire, M.; Robert, A.";Fine scale analysis of malaria incidence in under-5: hierarchical Bayesian spatio-temporal modelling of routinely collected malaria data between 2012–2018 in Cameroon;Scientific Reports;10.1038/s41598-021-90997-8;QA2
P923BX8E;journalArticle;2021;"Gómez, A.M.; Serre, M.; Wise, E.; Pavelsky, T.";Integrating Community Science Research and Space-Time Mapping to Determine Depth to Groundwater in a Remote Rural Region;Water Resources Research;10.1029/2020WR029519;included
34TLN8ZJ;journalArticle;2021;"Huang, J.; Lu, X.; Liu, H.; Zong, S.";The driving forces of anoplophora glabripennis have spatial spillover effects;Forests;10.3390/f12121678;included
U8LQWHMS;journalArticle;2021;"Otto, P.; Piter, A.; Gijsman, R.";Statistical analysis of beach profiles – A spatiotemporal functional approach;Coastal Engineering;10.1016/j.coastaleng.2021.103999;QA7
STZZHI5J;journalArticle;2021;"Dambrine, C.; Woillez, M.; Huret, M.; de Pontual, H.";Characterising Essential Fish Habitat using spatio-temporal analysis of fishery data: A case study of the European seabass spawning areas;Fisheries Oceanography;10.1111/fog.12527;included
86QXR8E8;journalArticle;2021;"O'Hara, K.C.; Pires, A.F.A.; Martínez-López, B.";Evaluating the association between climatic factors and sheep condemnations in the United States using cluster analysis and spatio-temporal modeling;Preventive Veterinary Medicine;10.1016/j.prevetmed.2021.105342;QA2
NKRI6ULC;journalArticle;2021;"Fioravanti, G.; Martino, S.; Cameletti, M.; Cattani, G.";Spatio-temporal modelling of PM10 daily concentrations in Italy using the SPDE approach;Atmospheric Environment;10.1016/j.atmosenv.2021.118192;included
PAW6MED8;journalArticle;2021;"Rahimi, F.; Sadeghi-Niaraki, A.; Ghodousi, M.; Choi, S.-M.";Modeling population spatial-temporal distribution using taxis origin and destination data;Sustainability (Switzerland);10.3390/su13073727;QA1
4DCEQZTY;journalArticle;2021;"Griffith, D.; Li, B.";Spatial-temporal modeling of initial COVID-19 diffusion: The cases of the Chinese Mainland and Conterminous United States;Geo-Spatial Information Science;10.1080/10095020.2021.1937338;included
8XZ6DVD3;journalArticle;2021;"Sun, H.; Dickens, B.L.; Richards, D.; Ong, J.; Rajarethinam, J.; Hassim, M.E.E.; Lim, J.T.; Carrasco, L.R.; Aik, J.; Yap, G.; Cook, A.R.; Ng, L.C.";Spatio-temporal analysis of the main dengue vector populations in Singapore;Parasites and Vectors;10.1186/s13071-020-04554-9;included
QLTKKTLJ;journalArticle;2021;"Holst, C.; Neuner, H.";Spatio-temporal models for vibration monitoring of elongated structures using profile laser scans;Remote Sensing;10.3390/rs13071369;QA1
MWI9WBP7;journalArticle;2021;"Ngwira, A.; Kumwenda, F.; Munthali, E.C.S.; Nkolokosa, D.";Spatial temporal distribution of COVID-19 risk during the early phase of the pandemic in Malawi;PeerJ;10.7717/peerj.11003;included
TY2KVNQ9;journalArticle;2021;"Fernández, D.; Giné-Vázquez, I.; Liu, I.; Yucel, R.; Nai Ruscone, M.; Morena, M.; García, V.G.; Haro, J.M.; Pan, W.; Tyrovolas, S.";Are environmental pollution and biodiversity levels associated to the spread and mortality of COVID-19? A four-month global analysis;Environmental Pollution;10.1016/j.envpol.2020.116326;QA2
PHPIU5RV;journalArticle;2021;"Nnanatu, C.C.; Atilola, G.; Komba, P.; Mavatikua, L.; Moore, Z.; Matanda, D.; Obianwu, O.; Kandala, N.-B.";Evaluating changes in the prevalence of female genital mutilation/cutting among 0-14 years old girls in Nigeria using data from multiple surveys: A novel Bayesian hierarchical spatio-temporal model;PLoS ONE;10.1371/journal.pone.0246661;included
95HGFA7X;journalArticle;2021;"Martenies, S.E.; Keller, J.P.; WeMott, S.; Kuiper, G.; Ross, Z.; Allshouse, W.B.; Adgate, J.L.; Starling, A.P.; Dabelea, D.; Magzamen, S.";A Spatiotemporal Prediction Model for Black Carbon in the Denver Metropolitan Area, 2009-2020;Environmental Science and Technology;10.1021/acs.est.0c06451;included
MXLAV3UT;journalArticle;2021;"Rerolle, F.; Dantzer, E.; Lover, A.; Marshall, J.M.; Hongvanthong, B.; Sturrock, H.J.W.; Bennett, A.";Spatio-temporal associations between deforestation and malaria incidence in Lao Pdr.;eLife;10.7554/eLife.56974;QA6
P586UV5S;journalArticle;2021;"Thorson, J.T.; Arimitsu, M.L.; Barnett, L.A.K.; Cheng, W.; Eisner, L.B.; Haynie, A.C.; Hermann, A.J.; Holsman, K.; Kimmel, D.G.; Lomas, M.W.; Richar, J.; Siddon, E.C.";Forecasting community reassembly using climate-linked spatio-temporal ecosystem models;Ecography;10.1111/ecog.05471;QA5
4KYJMW9U;journalArticle;2021;"Freshwater, C.; Anderson, S.C.; Beacham, T.D.; Luedke, W.; Wor, C.; King, J.";An integrated model of seasonal changes in stock composition and abundance with an application to Chinook salmon;PeerJ;10.7717/peerj.11163;included
N9G923M9;journalArticle;2021;"Agoua, X.G.; Girard, R.; Kariniotakis, G.";Photovoltaic power forecasting: Assessment of the impact of multiple sources of spatio-temporal data on forecast accuracy;Energies;10.3390/en14051432;QA1
F8N6EVNK;journalArticle;2021;"Jalilian, A.; Mateu, J.";A hierarchical spatio-temporal model to analyze relative risk variations of COVID-19: a focus on Spain, Italy and Germany;Stochastic Environmental Research and Risk Assessment;10.1007/s00477-021-02003-2;included
WYTSJ39X;journalArticle;2021;"Tayebzadeh Moghadam, N.; Abbaspour, K.C.; Malekmohammadi, B.; Schirmer, M.; Yavari, A.R.";Spatiotemporal Modelling of Water Balance Components in Response to Climate and Landuse Changes in a Heterogeneous Mountainous Catchment;Water Resources Management;10.1007/s11269-020-02735-w;QA1
QVNAJR2N;journalArticle;2023;"Sun, SQ; Tu, YQ";Impact of financial inclusion on the urban-rural income gap-Based on the spatial panel data model;FINANCE RESEARCH LETTERS;10.1016/j.frl.2023.103659;QA1
T4BZRD2S;journalArticle;2023;Guliyev, H;Associations of (un)observed factors and gender inequality in European countries: Evidence from spatial panel data model;APPLIED GEOGRAPHY;10.1016/j.apgeog.2023.103066;QA1
IR6GL9JV;journalArticle;2021;"Safikhani, A; Kamga, C; Mudigonda, S; Faghih, SS; Moghimi, B";Spatio-temporal modeling of yellow taxi demands in New York City using generalized STAR models;INTERNATIONAL JOURNAL OF FORECASTING;;QA7
8FEE6PFY;journalArticle;2023;"Costantino, S; Cracolici, MF; Elhorst, JP";A spatial origin-destination approach for the analysis of local tourism demand in Italy;PAPERS IN REGIONAL SCIENCE;10.1111/pirs.12726;included
68PNA3AL;journalArticle;2021;"Bai, JS; Li, KP";Dynamic spatial panel data models with common shocks;JOURNAL OF ECONOMETRICS;10.1016/j.jeconom.2020.12.002;QA4
NR8PDXTP;journalArticle;2023;"Liu, LC; Pang, X";A Bayesian multifactor spatio-temporal model for estimating time-varying network interdependence;POLITICAL SCIENCE RESEARCH AND METHODS;10.1017/psrm.2022.47;QA4
4JW7RDZT;journalArticle;2021;"Wang, ZS; Yue, Y; He, B; Nie, K; Tu, W; Du, QY; Li, QQ";A Bayesian spatio-temporal model to analyzing the stability of patterns of population distribution in an urban space using mobile phone data;INTERNATIONAL JOURNAL OF GEOGRAPHICAL INFORMATION SCIENCE;10.1080/13658816.2020.1798967;QA6
RJLW6LMC;journalArticle;2021;"Jiang, L; Zhou, HF; He, SX; Cui, YZ; Wang, JH";Identifying the driving factors of NO2 pollution of One Belt One Road countries: satellite observation technique and dynamic spatial panel data analysis;ENVIRONMENTAL SCIENCE AND POLLUTION RESEARCH;10.1007/s11356-020-12113-z;QA7
LPH6EFPU;journalArticle;2023;"Zaouche, M; Bode, NWF";Bayesian spatio-temporal models for mapping urban pedestrian traffic;JOURNAL OF TRANSPORT GEOGRAPHY;10.1016/j.jtrangeo.2023.103647;included
M4WXMN29;journalArticle;2022;"Yu, Z; Yu, KM; Härdle, WK; Zhang, XL; Wang, K; Tian, MZ";Bayesian spatio-temporal modeling for the inpatient hospital costs of alcohol-related disorders;JOURNAL OF THE ROYAL STATISTICAL SOCIETY SERIES A-STATISTICS IN SOCIETY;10.1111/rssa.12963;QA7
2QBS82PC;journalArticle;2023;"Lozano, JE; Elofsson, K; Surry, Y; Marbuah, G";Spatio-Temporal Analysis of Game Harvests in Sweden;ENVIRONMENTAL & RESOURCE ECONOMICS;10.1007/s10640-023-00770-w;included
PTX24GZQ;journalArticle;2025;"Emili, S; Galli, F";Capturing Inter and Intra Sectoral Productivity Spillovers in Industrial Filière: A System of Dynamic Spatial Panel Data Models;JOURNAL OF REGIONAL SCIENCE;10.1111/jors.12757;QA6
QC6A5ZRJ;journalArticle;2023;"Berloco, C; Argiento, R; Montagna, S";Forecasting short-term defaults of firms in a commercial network via Bayesian spatial and spatio-temporal methods;INTERNATIONAL JOURNAL OF FORECASTING;10.1016/j.ijforecast.2022.05.003;QA7
P3GCIW8C;journalArticle;2021;"Maia, AG; Lu, Y";Migration and Democratization in Brazil: The Case of Electoral Participation and Competition;DEMOGRAPHY;10.1215/00703370-8937033;included
8IIPFUXT;journalArticle;2022;"Dai, L; Zhang, JJ; Luo, SG";Effective R&D capital and total factor productivity: Evidence using spatial panel data models;TECHNOLOGICAL FORECASTING AND SOCIAL CHANGE;10.1016/j.techfore.2022.121886;QA6
7XBMP9SA;journalArticle;2022;"Hatami, F; Thill, JC";Spatiotemporal Evaluation of the Built Environment's Impact on Commuting Duration;SUSTAINABILITY;10.3390/su14127179;QA2
456ZHMCZ;journalArticle;2021;"Nian, GY; Sun, J; Huang, JY";Exploring the Effects of Urban Built Environment on Road Travel Speed Variability with a Spatial Panel Data Model;ISPRS INTERNATIONAL JOURNAL OF GEO-INFORMATION;10.3390/ijgi10120829;QA6
WVMUN4XX;journalArticle;2025;"Zhang, YZ; Chang, HH; Iuliano, AD; Reed, C";A Bayesian spatial-temporal varying coefficients model for estimating excess deaths associated with respiratory infections;JOURNAL OF THE ROYAL STATISTICAL SOCIETY SERIES A-STATISTICS IN SOCIETY;10.1093/jrsssa/qnae079;included
UPYM9JQR;journalArticle;2024;"Belbe, S; Moldovan, D; Andries, AM; Otto, P; Mare, C";Evaluation of the space-time effects of Covid-19 on household loans and savings in Romania- A spatial panel data approach at county level;EMERGING MARKETS REVIEW;10.1016/j.ememar.2024.101209;QA7
2N9ULF5G;journalArticle;2021;"Sohn, W; Bae, J; Newman, G";Green infrastructure for coastal flood protection: The longitudinal impacts of green infrastructure patterns on flood damage;APPLIED GEOGRAPHY;10.1016/j.apgeog.2021.102565;QA1
4JE6CGQT;journalArticle;2021;"Shao, HY; Sun, XF; Lin, Y; Xian, W; Zhou, YZ; Yuan, LG; Qi, JG";A method for spatio-temporal process assessment of eco-geological environmental security in mining areas using catastrophe theory and projection pursuit model;PROGRESS IN PHYSICAL GEOGRAPHY-EARTH AND ENVIRONMENT;10.1177/0309133320982542;QA1
UE6GJPI4;journalArticle;2022;"Elhorst, JP; Emili, S";A spatial econometric multivariate model of Okun's law;REGIONAL SCIENCE AND URBAN ECONOMICS;10.1016/j.regsciurbeco.2021.103756;included
WUHAGTHA;journalArticle;2022;"Sanjuán, LG; Díaz, FS; Rovira, BM";"The ""Megalithisation"" of Iberia: A spatio-temporal model";ANTHROPOLOGIE;10.1016/j.anthro.2022.103072;QA1
I782XXKJ;journalArticle;2022;"Hunneman, A; Elhorst, JP; Bijmolt, THA";Store sales evaluation and prediction using spatial panel data models of sales components;SPATIAL ECONOMIC ANALYSIS;10.1080/17421772.2021.1916574;QA1
ZV88AXUG;journalArticle;2022;"Lymperopoulou, K; Bannister, J; Krzemieniewska-Nandwani, K";Inequality in Exposure to Crime, Social Disorganization and Collective Efficacy: Evidence from Greater Manchester, United Kingdom;BRITISH JOURNAL OF CRIMINOLOGY;10.1093/bjc/azab106;QA7
APHVVYIW;journalArticle;2022;"Nicoletta, V; Guglielmi, A; Ruiz, A; Bélanger, V; Lanzarone, E";Bayesian spatio-temporal modelling and prediction of areal demands for ambulance services;IMA JOURNAL OF MANAGEMENT MATHEMATICS;10.1093/imaman/dpaa028;QA7
BL7RHKVI;journalArticle;2021;Yang, CF;Common factors and spatial dependence: an application to US house prices;ECONOMETRIC REVIEWS;10.1080/07474938.2020.1741785;QA4
3Z3M8A9F;journalArticle;2021;"Baldoni, E; Esposti, R";Agricultural Productivity in Space: an Econometric Assessment Based on Farm-Level DataJEL codes;AMERICAN JOURNAL OF AGRICULTURAL ECONOMICS;10.1111/ajae.12155;included
TSG9TMU8;journalArticle;2025;"Racek, D; Thurner, PW; Kauermann, G";Capturing the spatio-temporal diffusion effects of armed conflict: A nonparametric smoothing approach;JOURNAL OF THE ROYAL STATISTICAL SOCIETY SERIES A-STATISTICS IN SOCIETY;10.1093/jrsssa/qnaf120;included
3NB6FAXJ;journalArticle;2021;"Hill, RJ; Rambaldi, AN; Scholz, M";Higher frequency hedonic property price indices: a state-space approach;EMPIRICAL ECONOMICS;10.1007/s00181-020-01862-y;QA7
9NN62HR3;journalArticle;2023;"Alvarado, R; Ortiz, C; Cuesta, L; Tillaguango, B";Spillovers impact of institutional and economic factors in energy intensity;SUSTAINABLE DEVELOPMENT;10.1002/sd.2485;QA1
CLJ3P8IJ;journalArticle;2023;"Mattera, R; Franses, PH";Are African business cycles synchronized? Evidence from spatio-temporal modeling;ECONOMIC MODELLING;10.1016/j.econmod.2023.106485;QA1
FFAV7X8R;journalArticle;2024;Pietak, L;Effect of regional disparities on national economic growth. A spatial panel data evidence from EU countries in 2000-2020;JOURNAL OF ECONOMIC INEQUALITY;10.1007/s10888-024-09658-1;included
DMTUWGE2;journalArticle;2021;"Bakis, ALP; Macovei, I; Barros, P; Gomes, C; Carvalho, D; Cabral, JA; Travassos, P; Torres, L; Aranha, J; Galatchi, LD; Santos, M";Is biodiversity linked with farm management options in vineyard landscapes? A case study combining ecological indicators within a hybrid modelling framework;ECOLOGICAL INDICATORS;10.1016/j.ecolind.2020.107012;QA1
HH262CNM;journalArticle;2024;Tepe, E;History, neighborhood, and proximity as factors of land-use change: A dynamic spatial regression model;ENVIRONMENT AND PLANNING B-URBAN ANALYTICS AND CITY SCIENCE;10.1177/23998083231164397;included
5BDE49BS;journalArticle;2021;"Maia, AG; Eusebio, GD; Fasiaben, MDR; Moraes, AS; Assad, ED; Pugliero, VS";The economic impacts of the diffusion of agroforestry in Brazil;LAND USE POLICY;10.1016/j.landusepol.2021.105489;QA7
ISH6SHPE;journalArticle;2022;"Bracher, J; Held, L";Endemic-epidemic models with discrete-time serial interval distributions for infectious disease prediction;INTERNATIONAL JOURNAL OF FORECASTING;10.1016/j.ijforecast.2020.07.002;included
YXSKX56W;journalArticle;2025;"Mattera, R; Franses, PH";Forecasting house price growth rates with factor models and spatio-temporal clustering;INTERNATIONAL JOURNAL OF FORECASTING;10.1016/j.ijforecast.2024.09.003;included
CN5JNSC7;journalArticle;2021;"McLaughlin, TR; Gómez-Puche, M; Cascalheira, J; Bicho, N; de Pablo, JFL";Late Glacial and Early Holocene human demographic responses to climatic and environmental change in Atlantic Iberia;PHILOSOPHICAL TRANSACTIONS OF THE ROYAL SOCIETY B-BIOLOGICAL SCIENCES;10.1098/rstb.2019.0724;QA2
BSUCU2MN;journalArticle;2021;"Schliep, EM; Gelfand, AE; Abaurrea, J; Asín, J; Beamonte, MA; Cebrián, AC";Long-term spatial modelling for characteristics of extreme heat events;JOURNAL OF THE ROYAL STATISTICAL SOCIETY SERIES A-STATISTICS IN SOCIETY;10.1111/rssa.12710;QA7
Q4VSQMPF;journalArticle;2023;"Chen, ZY; Deng, XY; Zou, Y; He, Y; Chen, SJ; Wang, QT; Xing, DG; Zhang, Y";A Spatio-temporal Bayesian model to estimate risk and influencing factors related to tuberculosis in Chongqing, China, 2014-2020;ARCHIVES OF PUBLIC HEALTH;10.1186/s13690-023-01044-z;included
ASF628GD;journalArticle;2022;"Frith, MJ; Bowers, KJ; Johnson, SD";Household occupancy and burglary: A case study using COVID-19 restrictions;JOURNAL OF CRIMINAL JUSTICE;10.1016/j.jcrimjus.2022.101996;QA6
GEJQ4GNN;journalArticle;2025;"Yan, SQ; Wu, Q";How does intra-city spatial structure influence green economic efficiency? A nonlinear and spatial spillover perspective;HABITAT INTERNATIONAL;10.1016/j.habitatint.2025.103455;included
R3XK98YU;journalArticle;2025;"Herr, A; Lückemann, M; Saric-Babin, A";Regional variation in the utilization of nursing home care in Germany;EUROPEAN JOURNAL OF HEALTH ECONOMICS;10.1007/s10198-024-01732-9;QA7
7DV9DZFM;journalArticle;2022;"Zhao, M; Sun, T";Dynamic spatial spillover effect of new energy vehicle industry policies on carbon emission of transportation sector in China;ENERGY POLICY;10.1016/j.enpol.2022.112991;included
GGP2HCV7;journalArticle;2021;"Mahfoud, M; Bernasco, W; Bhulai, S; van der Mei, R";Forecasting Spatio-Temporal Variation in Residential Burglary with the Integrated Laplace Approximation Framework: Effects of Crime Generators, Street Networks, and Prior Crimes;JOURNAL OF QUANTITATIVE CRIMINOLOGY;10.1007/s10940-020-09469-3;included
VW3D8MWI;journalArticle;2021;"Gracia, E; Marco, M; López-Quílez, A; Lila, M";Chronic high risk of intimate partner violence against women in disadvantaged neighborhoods: An eight-year space-time analysis;PREVENTIVE MEDICINE;10.1016/j.ypmed.2021.106550;included
6DRIFKZB;journalArticle;2021;"Goschin, Z; Antonia, M; Tigau, H";Entrepreneurship Recovery in Romania after the Great Recession. A Dynamic Spatial Panel Approach;SUSTAINABILITY;10.3390/su131910702;QA2
AKX958W9;journalArticle;2021;"Dyck, J; Tate, R; Uhanova, J; Torabi, M";Social determinants and spatio-temporal variation of Ischemic Heart Disease in Manitoba;BMC PUBLIC HEALTH;10.1186/s12889-021-12369-1;QA2
WB9ICRQW;journalArticle;2024;"Wongsa-art, P; Kim, N; Xia, YC; Moscone, F";Varying coefficient panel data models and methods under correlated error components: Application to disparities in mental health services in England;REGIONAL SCIENCE AND URBAN ECONOMICS;10.1016/j.regsciurbeco.2024.104009;QA4
GHM92B5J;journalArticle;2021;"Li, XB; Penmetsa, P; Liu, J; Hainen, A; Nambisan, S";Severity of emergency natural gas distribution pipeline incidents: Application of an integrated spatio-temporal approach fused with text mining;JOURNAL OF LOSS PREVENTION IN THE PROCESS INDUSTRIES;10.1016/j.jlp.2020.104383;QA1
PMVW5UH9;journalArticle;2023;"Wang, SB; Ren, ZP; Liu, XL";Spatiotemporal trends in neonatal, infant, and child mortality (1990-2019) based on Bayesian spatiotemporal modeling;FRONTIERS IN PUBLIC HEALTH;10.3389/fpubh.2023.996694;QA6
97DBCXLR;journalArticle;2023;"Hu, YP; Li, Y; Huang, HL";Spatio-temporal dynamic change mechanism analysis of traffic conflict risk based on trajectory data;ACCIDENT ANALYSIS AND PREVENTION;10.1016/j.aap.2023.107203;QA1
4RWX98TY;journalArticle;2021;"Alvarez-Herranz, A; Macedo-Ruíz, E";An Evaluation of the Three Pillars of Sustainability in Cities with High Airbnb Presence: A Case Study of the City of Madrid;SUSTAINABILITY;10.3390/su13063220;QA1
F8JNJ8ME;journalArticle;2024;"Marco, M; López-Quílez, A; Sánchez-Sáez, F; Escobar-Hernández, P; Montagud-Andrés, M; Lila, M; Gracia, E";The Spatio-Temporal Distribution of Suicide-related Emergency Calls in a European City: Age and Gender Patterns, and Neighborhood Influences;PSYCHOSOCIAL INTERVENTION;10.5093/pi2024a8;QA6
SJNMTWBM;journalArticle;2023;"Constantin, DL; Goschin, Z; Serbanica, C";Piped water supply and usage and the question of services of general interest: a spatial panel data analysis;ANNALS OF REGIONAL SCIENCE;10.1007/s00168-021-01098-3;QA1
Y22HLQV8;journalArticle;2025;"Kohar, A; Cameron, J; Baade, PD; Pickles, K; Montgomery, BD; Smith, DP; Cramb, SM";Spatio-temporal patterns of prostate-specific antigen testing in asymptomatic men: a population-based cohort study, Australia, 2002-2018;PUBLIC HEALTH;10.1016/j.puhe.2025.105769;QA6
XB6JJRGP;journalArticle;2022;"Zhai, XQ; Xue, R; He, B; Yang, D; Pei, XY; Li, X; Shan, YL";Dynamic changes and convergence of China's regional green productivity: A dynamic spatial econometric analysis;ADVANCES IN CLIMATE CHANGE RESEARCH;10.1016/j.accre.2022.01.004;QA7
YQLBW4GV;journalArticle;2022;"Serra, L; Vall-Llosera, L; Varga, D; Saurina, C; Saez, M; Renart, G";Analysis of the geographic pattern of the police reports for domestic violence in Girona (Spain);BMC PUBLIC HEALTH;10.1186/s12889-022-12916-4;QA6
2F6847IR;journalArticle;2022;"Yip, S; Him, NC; Jamil, NI; He, DH; Sahu, SK";Spatio-temporal detection for dengue outbreaks in the Central Region of Malaysia using climatic drivers at mesoscale and synoptic scale;CLIMATE RISK MANAGEMENT;10.1016/j.crm.2022.100429;included
ZVK9Y24V;journalArticle;2021;"Wah, W; Ahern, S; Evans, S; Millar, J; Evans, M; Earnest, A";Geospatial and temporal variation of prostate cancer incidence;PUBLIC HEALTH;10.1016/j.puhe.2020.10.032;QA2
7H5RXCE2;journalArticle;2023;"Epstein, A; Namuganga, JF; Nabende, I; Kamya, EV; Kamya, MR; Dorsey, G; Sturrock, H; Bhatt, S; Rodriguez-Barraquer, I; Greenhouse, B";Mapping malaria incidence using routine health facility surveillance data in Uganda;BMJ GLOBAL HEALTH;10.1136/bmjgh-2022-011137;included
Y6WS4ZL8;journalArticle;2023;"Al-Amri, NS; Ewea, HA; Elfeki, AM";Stochastic Rational Method for Estimation of Flood Peak Uncertainty in Arid Basins: Comparison between Monte Carlo and First Order Second Moment Methods with a Case Study in Southwest Saudi Arabia;SUSTAINABILITY;10.3390/su15064719;QA1
UZBUSZMG;journalArticle;2021;"He, SX; Jiang, L";Identifying convergence in nitrogen oxides emissions from motor vehicles in China: A spatial panel data approach;JOURNAL OF CLEANER PRODUCTION;10.1016/j.jclepro.2021.128177;included
IVWW3CIK;journalArticle;2022;"Liu, ZL; Jin, Y; Yan, LP; Zhang, Y; Zhang, H; Shen, CY; Yang, LL; Cheng, JH";Identifying Priority Conservation Areas of Largehead Hairtail (Trichiurus japonicus) Nursery Grounds in the East China Sea;FRONTIERS IN MARINE SCIENCE;10.3389/fmars.2021.779144;QA7
ESZU78FP;journalArticle;2021;"Bansal, E; Hsu, HH; de Water, E; Martínez-Medina, S; Schnaas, L; Just, AC; Horton, M; Bellinger, DC; Téllez-Rojo, MM; Wright, RO";Prenatal PM2.5 exposure in the second and third trimesters predicts neurocognitive performance at age 9-10 years: A cohort study of Mexico City children;ENVIRONMENTAL RESEARCH;10.1016/j.envres.2021.111651;QA4
FL4S73NB;journalArticle;2021;"Clark, NJ; Dixon, PM";A class of spatially correlated self-exciting statistical models;SPATIAL STATISTICS;10.1016/j.spasta.2021.100493;included
W4RMEL6H;journalArticle;2024;"Chirombo, J; Majamanda, A; Gunsaru, V; Yosefe, S; Ozituosauka, W; Mchoma, C; Morroni, C; Chipeta, E; MacPherson, P; Freyne, B";The prevalence of gestational syphilis in Malawi between 2014 and 2022: spatiotemporal modeling of population-level factors;FRONTIERS IN PUBLIC HEALTH;10.3389/fpubh.2023.1242870;included
5345C7T7;journalArticle;2024;"Li, J; Zhang, J; Wang, L; Zhao, A";A Hierarchical Spatiotemporal Data Model Based on Knowledge Graphs for Representation and Modeling of Dynamic Landslide Scenes;SUSTAINABILITY;10.3390/su162310271;QA1
QCWZRKZN;journalArticle;2021;"Bei, CC; Liu, SP; Liao, Y; Tian, GL; Tian, ZC";Predicting new cases of COVID-19 and the application to population sustainability analysis;ACCOUNTING AND FINANCE;10.1111/acfi.12785;included
BARX6D3X;journalArticle;2023;"Vomfell, L; Povala, J";(No) Spillovers in reporting domestic abuse to police;JOURNAL OF THE ROYAL STATISTICAL SOCIETY SERIES A-STATISTICS IN SOCIETY;10.1093/jrsssa/qnad060;included
9V3WN9JD;journalArticle;2023;"Giudici, P; Pagnottoni, P; Spelta, A";Network self-exciting point processes to measure health impacts of COVID-19;JOURNAL OF THE ROYAL STATISTICAL SOCIETY SERIES A-STATISTICS IN SOCIETY;10.1093/jrsssa/qnac006;QA7